Time;IBI;HR;LVET;HRS;Sys;Dia;MAP;SV;CO;SVR;SVI;CI;SVRI;dP/dt;COCalibr
16.525000;1,255;48;0,360;19;110;72;84;83;4,0;1680;42;2,0;3350;516;-1,000
17.780000;1,140;53;0,345;19;108;69;84;90;4,7;1425;45;2,3;2840;523;-1,000
18.920000;1,115;54;0,360;19;115;72;89;82;4,4;1613;41;2,2;3210;483;-1,000
20.035000;1,035;58;0,360;19;121;77;95;86;5,0;1530;43;2,5;3045;522;-1,000
21.070000;1,100;55;0,360;19;119;78;93;77;4,2;1773;38;2,1;3530;461;-1,000
22.170000;0,880;68;0,350;19;118;76;96;81;5,5;1385;40;2,8;2760;483;-1,000
23.050000;1,205;50;0,350;19;119;83;92;65;3,2;2283;32;1,6;4545;436;-1,000
24.255000;1,065;56;0,360;19;124;78;97;83;4,7;1668;41;2,3;3320;534;-1,000
25.320000;1,010;59;0,370;18;128;84;101;80;4,7;1703;40;2,4;3390;506;-1,000
26.330000;0,990;61;0,370;18;129;85;101;80;4,7;1703;40;2,4;3390;506;-1,000
27.320000;1,020;59;0,370;18;129;85;101;80;4,7;1703;40;2,4;3390;506;-1,000
28.340000;1,140;53;0,370;18;129;85;101;80;4,7;1703;40;2,4;3390;506;-1,000
29.480000;1,030;58;0,370;18;129;85;101;80;4,7;1703;40;2,4;3390;506;-1,000
30.510000;0,995;60;0,355;18;133;85;100;80;4,8;1660;40;2,4;3310;581;-1,000
31.505000;0,990;61;0,340;18;127;85;98;72;4,3;1800;36;2,2;3585;517;-1,000
32.495000;1,155;52;0,350;18;126;84;96;72;3,7;2055;36;1,9;4095;517;-1,000
33.650000;0,960;63;0,360;18;127;82;96;84;5,2;1475;42;2,6;2940;542;-1,000
34.610000;1,050;57;0,360;18;122;83;94;73;4,2;1795;37;2,1;3575;478;-1,000
35.660000;1,150;52;0,355;18;122;81;93;74;3,9;1913;37;1,9;3810;491;-1,000
36.810000;1,055;57;0,350;18;120;80;92;72;4,1;1790;36;2,0;3570;483;-1,000
37.865000;0,975;62;0,360;18;118;81;94;74;4,5;1658;37;2,3;3300;422;-1,000
38.840000;0,930;65;0,370;18;125;85;98;77;4,9;1580;38;2,5;3145;489;-1,000
39.770000;0,840;71;0,370;17;125;85;98;77;4,9;1580;38;2,5;3145;489;-1,000
40.610000;0,855;70;0,370;18;125;85;98;77;4,9;1580;38;2,5;3145;489;-1,000
41.465000;0,915;66;0,370;18;125;85;98;77;4,9;1580;38;2,5;3145;489;-1,000
42.380000;0,840;71;0,370;18;125;85;98;77;4,9;1580;38;2,5;3145;489;-1,000
43.220000;0,835;72;0,370;17;125;85;98;77;4,9;1580;38;2,5;3145;489;-1,000
44.055000;0,820;73;0,355;17;133;88;103;78;5,7;1435;39;2,8;2860;569;-1,000
44.875000;0,850;71;0,350;17;126;89;101;67;4,7;1713;33;2,3;3410;456;-1,000
45.725000;0,975;62;0,355;17;124;88;96;64;3,9;1943;32;2,0;3870;450;-1,000
46.700000;0,800;75;0,340;17;118;83;93;67;5,1;1470;34;2,5;2925;406;-1,000
47.500000;0,960;63;0,355;17;112;82;90;61;3,8;1868;31;1,9;3720;355;-1,000
48.460000;0,805;75;0,355;17;112;79;90;68;5,1;1423;34;2,5;2835;398;-1,000
49.265000;0,950;63;0,350;17;112;81;88;63;3,9;1773;31;2,0;3535;389;-1,000
50.215000;0,995;60;0,345;17;108;78;86;62;3,7;1825;31;1,9;3635;364;-1,000
51.210000;1,015;59;0,355;17;104;76;85;61;3,6;1875;31;1,8;3735;330;-1,000
52.225000;1,000;60;0,355;17;103;76;85;61;3,6;1875;31;1,8;3735;330;-1,000
53.225000;0,965;62;0,355;17;103;76;85;61;3,6;1875;31;1,8;3735;330;-1,000
54.190000;1,035;58;0,355;17;103;76;85;61;3,6;1875;31;1,8;3735;330;-1,000
55.225000;1,080;56;0,355;17;103;76;85;61;3,6;1875;31;1,8;3735;330;-1,000
56.305000;0,885;68;0,355;17;103;76;85;61;3,6;1875;31;1,8;3735;330;-1,000
57.190000;0,895;67;0,355;17;134;86;102;81;5,4;1500;41;2,7;2990;661;-1,000
58.085000;0,950;63;0,355;17;135;86;102;79;5,0;1638;39;2,5;3265;655;-1,000
59.035000;0,915;66;0,355;17;136;87;103;79;5,2;1598;39;2,6;3185;672;-1,000
59.950000;1,060;57;0,345;17;137;88;102;73;4,1;1988;36;2,0;3960;716;-1,000
61.010000;1,085;55;0,360;17;138;87;103;78;4,3;1895;39;2,2;3775;645;-1,000
62.095000;1,065;56;0,355;17;138;87;102;79;4,4;1840;39;2,2;3665;648;-1,000
63.160000;1,020;59;0,350;17;137;87;102;79;4,7;1740;40;2,3;3465;628;-1,000
64.180000;0,910;66;0,345;17;139;87;104;80;5,3;1573;40;2,6;3130;695;-1,000
65.090000;0,920;65;0,335;17;138;88;103;76;4,9;1670;38;2,5;3330;675;-1,000
66.010000;0,950;63;0,335;17;136;86;103;76;4,9;1670;38;2,5;3330;675;-1,000
66.960000;1,095;55;0,335;17;136;86;103;76;4,9;1670;38;2,5;3330;675;-1,000
68.055000;0,980;61;0,335;17;136;86;103;76;4,9;1670;38;2,5;3330;675;-1,000
69.035000;0,845;71;0,345;17;141;87;106;85;6,0;1400;43;3,0;2790;747;-1,000
69.880000;0,765;78;0,360;17;141;90;109;82;6,4;1350;41;3,2;2690;719;-1,000
70.645000;0,910;66;0,340;17;142;92;105;71;4,6;1810;35;2,3;3605;706;-1,000
71.555000;1,045;57;0,350;17;143;88;103;77;4,4;1863;39;2,2;3710;777;-1,000
72.600000;1,210;50;0,360;17;142;86;99;83;4,1;1933;42;2,0;3850;794;-1,000
73.810000;0,975;62;0,355;17;137;80;99;92;5,7;1385;46;2,8;2760;770;-1,000
74.785000;0,840;71;0,350;18;133;83;100;86;6,1;1300;43;3,1;2590;661;-1,000
75.625000;0,870;69;0,355;18;132;85;100;79;5,4;1470;39;2,7;2925;620;-1,000
76.495000;0,945;63;0,355;17;135;85;101;82;5,2;1560;41;2,6;3105;669;-1,000
77.440000;0,935;64;0,355;17;132;85;101;82;5,2;1560;41;2,6;3105;669;-1,000
78.375000;0,920;65;0,355;17;132;85;101;82;5,2;1560;41;2,6;3105;669;-1,000
79.295000;0,920;65;0,355;17;132;85;101;82;5,2;1560;41;2,6;3105;669;-1,000
80.215000;1,155;52;0,355;17;132;85;101;82;5,2;1560;41;2,6;3105;669;-1,000
81.370000;1,070;56;0,355;17;141;84;102;84;4,7;1738;42;2,3;3460;805;-1,000
82.440000;1,020;59;0,350;18;137;84;100;83;4,9;1638;42;2,4;3265;694;-1,000
83.460000;1,015;59;0,350;17;134;84;99;81;4,8;1655;41;2,4;3295;623;-1,000
84.475000;1,035;58;0,360;17;134;84;99;82;4,7;1668;41;2,4;3320;634;-1,000
85.510000;1,010;59;0,355;18;132;83;98;83;4,9;1598;41;2,5;3185;627;-1,000
86.520000;0,910;66;0,350;17;129;83;98;79;5,2;1520;39;2,6;3030;591;-1,000
87.430000;0,990;61;0,355;17;129;84;98;76;4,6;1705;38;2,3;3395;597;-1,000
88.420000;1,055;57;0,350;18;132;84;98;78;4,4;1763;39;2,2;3515;622;-1,000
89.475000;1,065;56;0,355;18;132;84;98;80;4,5;1755;40;2,2;3495;608;-1,000
90.540000;0,945;63;0,355;17;131;84;99;81;5,1;1550;40;2,5;3090;616;-1,000
91.485000;1,065;56;0,350;17;130;86;98;72;4,0;1933;36;2,0;3850;595;-1,000
92.550000;1,155;52;0,355;18;129;83;95;78;4,0;1898;39;2,0;3780;586;-1,000
93.705000;0,985;61;0,360;17;126;80;95;83;5,0;1500;42;2,5;2990;555;-1,000
94.690000;0,915;66;0,355;18;124;82;96;76;4,9;1548;38;2,5;3080;528;-1,000
95.605000;0,990;61;0,360;18;127;84;97;73;4,4;1748;37;2,2;3485;555;-1,000
96.595000;1,040;58;0,350;17;128;84;98;72;4,1;1895;36;2,1;3775;553;-1,000
97.635000;0,990;61;0,355;18;127;84;100;73;4,4;1808;37;2,2;3600;536;-1,000
98.625000;0,975;62;0,355;18;129;87;102;71;4,4;1868;36;2,2;3720;531;-1,000
99.600000;1,005;60;0,355;18;131;88;102;70;4,1;1963;35;2,1;3910;538;-1,000
100.605000;0,995;60;0,350;18;130;87;102;72;4,3;1895;36;2,2;3775;544;-1,000
101.600000;0,955;63;0,350;18;130;87;103;71;4,5;1840;36;2,2;3665;547;-1,000
102.555000;1,055;57;0,345;18;129;88;101;66;3,8;2148;33;1,9;4275;519;-1,000
103.610000;1,015;59;0,345;18;128;85;100;73;4,3;1863;36;2,1;3710;525;-1,000
104.625000;0,940;64;0,345;18;128;85;101;73;4,7;1725;37;2,3;3440;528;-1,000
105.565000;0,930;65;0,345;18;129;87;101;69;4,4;1818;35;2,2;3620;523;-1,000
106.495000;0,970;62;0,345;18;130;87;101;70;4,3;1885;35;2,1;3755;545;-1,000
107.465000;0,935;64;0,350;18;131;87;102;73;4,6;1755;36;2,3;3495;555;-1,000
108.400000;0,980;61;0,345;18;132;89;102;69;4,2;1940;35;2,1;3865;563;-1,000
109.380000;0,940;64;0,350;18;132;87;103;73;4,7;1758;37;2,3;3500;575;-1,000
110.320000;0,995;60;0,345;18;132;89;102;69;4,1;1973;34;2,1;3930;573;-1,000
111.315000;0,955;63;0,345;18;132;87;102;75;4,7;1725;38;2,3;3435;591;-1,000
112.270000;0,975;62;0,345;18;130;87;101;70;4,3;1868;35;2,2;3720;555;-1,000
113.245000;0,930;65;0,350;18;132;86;101;76;4,9;1643;38;2,5;3275;592;-1,000
114.175000;0,950;63;0,350;18;132;87;100;72;4,6;1760;36;2,3;3505;600;-1,000
115.125000;0,960;63;0,350;18;130;85;99;76;4,7;1670;38;2,4;3330;591;-1,000
116.085000;0,925;65;0,345;17;128;84;98;73;4,8;1640;37;2,4;3265;563;-1,000
117.010000;0,830;72;0,340;17;126;83;97;74;5,3;1463;37;2,7;2910;567;-1,000
117.840000;1,330;45;0,335;18;128;85;90;65;2,9;2450;33;1,5;4880;578;-1,000
119.170000;1,235;49;0,340;17;115;71;85;84;4,1;1658;42;2,0;3305;516;-1,000
120.405000;1,170;51;0,340;17;113;71;84;81;4,2;1613;41;2,1;3215;466;-1,000
121.575000;1,010;59;0,350;17;113;72;87;84;5,0;1395;42;2,5;2775;469;-1,000
122.585000;0,850;71;0,350;17;117;77;92;77;5,4;1350;39;2,7;2690;500;-1,000
123.435000;1,130;53;0,350;17;122;82;94;70;3,7;2030;35;1,8;4045;530;-1,000
124.565000;1,095;55;0,360;18;128;80;96;80;4,4;1763;40;2,2;3515;613;-1,000
125.660000;1,105;54;0,360;17;130;83;98;77;4,2;1883;38;2,1;3750;608;-1,000
126.765000;0,975;62;0,365;17;129;84;100;82;5,1;1568;41;2,5;3120;606;-1,000
127.740000;0,970;62;0,365;17;132;87;102;78;4,8;1700;39;2,4;3390;602;-1,000
128.710000;1,445;42;0,345;17;133;88;95;67;2,8;2728;34;1,4;5435;616;-1,000
130.155000;1,310;46;0,355;17;124;76;91;85;3,9;1873;42;1,9;3730;575;-1,000
131.465000;1,180;51;0,360;17;120;75;89;85;4,3;1645;43;2,2;3280;527;-1,000
132.645000;1,105;54;0,355;17;122;76;90;87;4,7;1530;43;2,3;3045;572;-1,000
133.750000;1,110;54;0,370;17;122;78;92;80;4,3;1688;40;2,2;3365;547;-1,000
134.860000;1,015;59;0,365;17;124;79;95;81;4,8;1580;41;2,4;3150;573;-1,000
135.875000;1,125;53;0,360;17;128;83;97;75;4,0;1938;38;2,0;3860;583;-1,000
137.000000;1,130;53;0,365;17;129;82;98;80;4,2;1845;40;2,1;3675;595;-1,000
138.130000;1,055;57;0,355;17;129;82;99;80;4,5;1733;40;2,3;3450;603;-1,000
139.185000;1,050;57;0,360;18;130;85;100;76;4,3;1840;38;2,2;3665;594;-1,000
140.235000;1,055;57;0,360;17;130;85;100;77;4,4;1820;39;2,2;3625;597;-1,000
141.290000;1,060;57;0,360;17;131;84;100;78;4,4;1820;39;2,2;3625;597;-1,000
142.350000;1,095;55;0,360;17;131;84;99;77;4,2;1878;39;2,1;3740;580;-1,000
143.445000;1,075;56;0,355;17;129;82;98;79;4,4;1770;40;2,2;3530;589;-1,000
144.520000;1,055;57;0,355;18;128;82;97;79;4,5;1725;40;2,2;3440;573;-1,000
145.575000;0,960;63;0,355;18;126;81;97;78;4,9;1585;39;2,4;3155;553;-1,000
146.535000;1,040;58;0,355;18;128;84;98;73;4,2;1850;37;2,1;3685;534;-1,000
147.575000;1,035;58;0,355;18;128;82;98;76;4,4;1783;38;2,2;3555;550;-1,000
148.610000;1,020;59;0,355;18;130;83;99;78;4,6;1725;39;2,3;3440;569;-1,000
149.630000;0,990;61;0,350;18;130;84;99;77;4,6;1695;38;2,3;3375;583;-1,000
150.620000;1,060;57;0,355;18;131;85;98;77;4,3;1808;38;2,2;3600;584;-1,000
151.680000;1,090;55;0,360;18;129;82;96;80;4,4;1743;40;2,2;3475;584;-1,000
152.770000;1,100;55;0,355;18;127;80;94;81;4,4;1708;41;2,2;3400;566;-1,000
153.870000;1,065;56;0,355;18;126;79;94;82;4,6;1623;41;2,3;3235;569;-1,000
154.935000;1,000;60;0,355;18;125;80;95;81;4,8;1560;40;2,4;3105;555;-1,000
155.935000;0,985;61;0,355;18;126;82;96;76;4,6;1663;38;2,3;3315;563;-1,000
156.920000;1,035;58;0,360;18;130;84;99;77;4,4;1790;38;2,2;3565;580;-1,000
157.955000;1,040;58;0,355;18;133;86;102;76;4,4;1855;38;2,2;3695;617;-1,000
158.995000;1,065;56;0,360;18;136;87;103;77;4,3;1913;38;2,2;3810;641;-1,000
160.060000;1,060;57;0,355;18;136;87;102;78;4,4;1848;39;2,2;3680;655;-1,000
161.120000;0,955;63;0,350;18;135;87;102;78;4,9;1663;39;2,5;3315;663;-1,000
162.075000;1,035;58;0,355;18;136;88;102;74;4,3;1893;37;2,1;3770;642;-1,000
163.110000;1,205;50;0,355;18;136;86;99;78;3,9;2033;39;1,9;4050;661;-1,000
164.315000;1,165;52;0,360;18;131;80;96;85;4,4;1755;42;2,2;3495;623;-1,000
165.480000;1,000;60;0,360;18;128;79;96;87;5,2;1475;43;2,6;2940;598;-1,000
166.480000;0,900;67;0,355;18;128;82;99;80;5,3;1485;40;2,7;2955;591;-1,000
167.380000;1,100;55;0,355;17;132;86;99;72;3,9;2013;36;2,0;4010;608;-1,000
168.480000;1,010;59;0,355;17;133;84;102;79;4,7;1743;40;2,3;3470;630;-1,000
169.490000;0,975;62;0,355;18;136;88;106;75;4,6;1833;38;2,3;3650;634;-1,000
170.465000;1,070;56;0,355;17;142;92;108;75;4,2;2068;37;2,1;4120;694;-1,000
171.535000;1,040;58;0,355;17;141;89;108;78;4,5;1915;39;2,2;3815;716;-1,000
172.575000;1,070;56;0,350;17;139;91;106;73;4,1;2070;37;2,0;4125;688;-1,000
173.645000;1,145;52;0,355;17;139;89;105;77;4,0;2070;39;2,0;4125;689;-1,000
174.790000;1,070;56;0,355;17;136;85;103;82;4,6;1798;41;2,3;3580;694;-1,000
175.860000;1,155;52;0,355;17;136;86;101;79;4,1;1968;40;2,0;3920;655;-1,000
177.015000;1,110;54;0,350;17;132;83;99;82;4,4;1768;41;2,2;3525;636;-1,000
178.125000;0,985;61;0,355;17;131;82;99;83;5,0;1575;41;2,5;3140;623;-1,000
179.110000;1,080;56;0,355;17;132;86;99;74;4,1;1920;37;2,1;3825;603;-1,000
180.190000;1,090;55;0,355;18;131;82;98;81;4,4;1763;40;2,2;3515;627;-1,000
181.280000;1,055;57;0,360;17;131;82;98;81;4,6;1703;41;2,3;3390;620;-1,000
182.335000;1,015;59;0,355;18;131;83;99;80;4,7;1675;40;2,4;3335;619;-1,000
183.350000;0,990;61;0,355;18;132;85;100;77;4,6;1725;38;2,3;3440;627;-1,000
184.340000;1,075;56;0,350;18;133;86;100;73;4,1;1958;36;2,0;3900;622;-1,000
185.415000;1,095;55;0,355;18;132;83;99;79;4,3;1835;39;2,2;3655;647;-1,000
186.510000;1,035;58;0,350;18;135;83;100;85;4,9;1625;43;2,5;3240;702;-1,000
187.545000;1,095;55;0,355;18;137;84;101;84;4,6;1748;42;2,3;3485;689;-1,000
188.640000;1,060;57;0,355;18;133;81;98;89;5,0;1555;44;2,5;3095;689;-1,000
189.700000;1,110;54;0,350;18;127;78;94;85;4,6;1640;43;2,3;3270;634;-1,000
190.810000;0,980;61;0,350;18;128;78;96;89;5,4;1408;45;2,7;2805;658;-1,000
191.790000;1,010;59;0,355;18;126;80;96;81;4,8;1583;41;2,4;3150;605;-1,000
192.800000;0,955;63;0,355;18;129;81;99;85;5,3;1478;42;2,7;2945;627;-1,000
193.755000;0,905;66;0,350;18;129;82;101;80;5,3;1518;40;2,6;3020;625;-1,000
194.660000;1,105;54;0,355;18;131;85;100;74;4,0;1998;37;2,0;3980;613;-1,000
195.765000;0,975;62;0,350;18;135;83;105;86;5,3;1590;43;2,6;3165;677;-1,000
196.740000;1,040;58;0,355;18;125;82;100;72;4,1;1948;36;2,0;3880;566;-1,000
197.780000;1,065;56;0,355;18;138;87;104;79;4,4;1875;40;2,2;3735;708;-1,000
198.845000;0,955;63;0,345;17;138;88;109;76;4,7;1838;38;2,4;3660;691;-1,000
199.800000;0,890;67;0,345;17;133;89;105;74;5,0;1673;37;2,5;3335;564;-1,000
200.690000;0,870;69;0,340;17;136;89;104;77;5,3;1575;39;2,6;3135;647;-1,000
201.560000;0,765;78;0,345;17;138;87;107;80;6,3;1363;40;3,1;2715;677;-1,000
202.325000;1,020;59;0,345;17;140;92;104;68;4,0;2093;34;2,0;4170;652;-1,000
203.345000;0,955;63;0,345;17;138;85;103;82;5,1;1593;41;2,6;3170;725;-1,000
204.300000;1,015;59;0,345;17;138;87;100;78;4,6;1745;39;2,3;3475;680;-1,000
205.315000;1,035;58;0,350;17;134;83;97;83;4,8;1610;42;2,4;3205;672;-1,000
206.350000;1,045;57;0,340;17;129;81;93;78;4,4;1673;39;2,2;3335;625;-1,000
207.395000;1,100;55;0,345;17;123;79;89;78;4,2;1685;39;2,1;3355;569;-1,000
208.495000;0,965;62;0,345;17;116;75;89;78;4,2;1685;39;2,1;3355;569;-1,000
209.460000;0,985;61;0,345;17;116;75;89;78;4,2;1685;39;2,1;3355;569;-1,000
210.445000;0,920;65;0,345;17;116;75;89;78;4,2;1685;39;2,1;3355;569;-1,000
211.365000;0,950;63;0,350;17;126;80;97;84;5,3;1463;42;2,6;2910;595;-1,000
212.315000;0,915;66;0,350;17;118;81;95;70;4,6;1653;35;2,3;3290;475;-1,000
213.230000;0,800;75;0,350;17;130;86;105;80;6,0;1398;40;3,0;2785;577;-1,000
214.030000;1,025;59;0,340;17;126;87;97;64;3,7;2063;32;1,9;4105;552;-1,000
215.055000;0,965;62;0,350;17;128;82;97;80;4,9;1570;40;2,5;3125;608;-1,000
216.020000;0,920;65;0,355;17;130;85;99;79;5,1;1543;39;2,5;3075;616;-1,000
216.940000;0,930;65;0,350;17;128;84;97;78;5,0;1540;39;2,5;3070;595;-1,000
217.870000;1,080;56;0,355;17;129;84;96;77;4,3;1795;38;2,1;3575;605;-1,000
218.950000;0,865;69;0,345;17;128;81;97;84;5,8;1338;42;2,9;2665;608;-1,000
219.815000;0,725;83;0,355;17;126;83;100;82;6,7;1185;41;3,4;2360;561;-1,000
220.540000;0,860;70;0,350;18;127;86;99;72;5,0;1583;36;2,5;3150;550;-1,000
221.400000;1,265;47;0,350;18;131;85;96;70;3,3;2325;35;1,6;4635;617;-1,000
222.665000;1,175;51;0,350;18;132;80;95;83;4,2;1803;41;2,1;3590;673;-1,000
223.840000;1,150;52;0,350;18;129;80;94;85;4,4;1690;43;2,2;3365;631;-1,000
224.990000;1,030;58;0,350;18;126;79;94;86;5,0;1500;43;2,5;2985;617;-1,000
226.020000;0,940;64;0,365;18;124;81;96;82;5,2;1465;41;2,6;2915;577;-1,000
226.960000;0,935;64;0,340;18;125;82;98;76;4,8;1618;38;2,4;3220;563;-1,000
227.895000;0,990;61;0,340;18;128;84;100;74;4,4;1790;37;2,2;3565;588;-1,000
228.885000;1,110;54;0,345;18;132;85;101;75;4,1;1988;38;2,0;3960;627;-1,000
229.995000;1,005;60;0,345;18;137;86;105;82;4,9;1718;41;2,4;3420;692;-1,000
231.000000;0,975;62;0,345;18;134;87;104;77;4,7;1753;39;2,4;3490;634;-1,000
231.975000;1,170;51;0,350;18;136;88;102;75;3,8;2133;37;1,9;4250;658;-1,000
233.145000;1,070;56;0,360;18;138;85;101;86;4,8;1673;43;2,4;3335;714;-1,000
234.215000;0,980;61;0,350;18;131;84;100;80;4,8;1643;40;2,4;3270;619;-1,000
235.195000;1,105;54;0,360;18;130;85;98;78;4,2;1845;39;2,1;3675;605;-1,000
236.300000;0,965;62;0,350;18;132;83;99;84;5,2;1510;42;2,6;3010;663;-1,000
237.265000;0,980;61;0,355;18;129;84;99;78;4,8;1653;39;2,4;3290;595;-1,000
238.245000;0,995;60;0,355;18;130;83;99;81;4,9;1618;41;2,4;3220;617;-1,000
239.240000;0,920;65;0,350;18;129;83;100;80;5,2;1538;40;2,6;3065;608;-1,000
240.160000;1,005;60;0,350;18;128;84;99;76;4,5;1745;38;2,3;3475;598;-1,000
241.165000;1,045;57;0,355;18;131;84;99;80;4,6;1738;40;2,3;3460;630;-1,000
242.210000;0,900;67;0,350;18;134;84;102;86;5,7;1423;43;2,9;2835;672;-1,000
243.110000;0,980;61;0,355;17;135;87;102;78;4,8;1700;39;2,4;3385;639;-1,000
244.090000;0,975;62;0,345;18;121;84;94;62;3,8;1960;31;1,9;3905;522;-1,000
245.065000;0,815;74;0,345;18;119;81;95;73;5,4;1405;37;2,7;2800;483;-1,000
245.880000;1,010;59;0,355;17;126;84;94;78;4,6;1613;39;2,3;3215;542;-1,000
246.890000;0,830;72;0,340;16;117;80;96;68;4,9;1563;34;2,5;3110;494;-1,000
247.720000;0,910;66;0,340;16;130;85;96;68;4,9;1563;34;2,5;3110;494;-1,000
248.630000;1,085;55;0,340;16;130;85;96;68;4,9;1563;34;2,5;3110;494;-1,000
249.715000;0,820;73;0,340;16;130;85;96;68;4,9;1563;34;2,5;3110;494;-1,000
250.535000;0,910;66;0,315;16;133;84;97;76;5,0;1545;38;2,5;3080;792;-1,000
251.445000;0,805;75;0,340;16;115;77;88;76;5,7;1240;38;2,8;2470;481;-1,000
252.250000;0,835;72;0,340;16;111;76;86;72;5,1;1335;36;2,6;2660;434;-1,000
253.085000;1,070;56;0,335;16;112;75;86;62;3,5;1990;31;1,7;3965;441;-1,000
254.155000;0,885;68;0,340;15;115;75;87;77;5,2;1325;38;2,6;2640;514;-1,000
255.040000;0,905;66;0,355;15;115;79;90;74;4,9;1468;37;2,4;2920;442;-1,000
255.945000;1,120;54;0,355;16;113;77;82;72;3,8;1710;36;1,9;3410;480;-1,000
257.065000;0,965;62;0,345;16;99;67;76;73;4,5;1343;37;2,3;2675;395;-1,000
258.030000;0,900;67;0,330;16;98;69;78;66;4,4;1408;33;2,2;2805;347;-1,000
258.930000;0,975;62;0,330;16;101;69;78;66;4,4;1408;33;2,2;2805;347;-1,000
259.905000;0,985;61;0,330;16;101;69;78;66;4,4;1408;33;2,2;2805;347;-1,000
260.890000;1,100;55;0,330;16;101;69;78;66;4,4;1408;33;2,2;2805;347;-1,000
261.990000;1,285;47;0,330;16;101;69;78;66;4,4;1408;33;2,2;2805;347;-1,000
263.275000;1,135;53;0,335;16;118;66;80;96;5,1;1258;48;2,5;2505;723;-1,000
264.410000;1,120;54;0,350;16;110;67;78;86;4,6;1340;43;2,3;2670;545;-1,000
265.530000;0,965;62;0,340;16;106;65;79;84;5,2;1220;42;2,6;2430;523;-1,000
266.495000;0,930;65;0,350;16;121;73;89;88;5,7;1253;44;2,8;2495;700;-1,000
267.425000;0,870;69;0,355;15;111;71;85;83;5,7;1198;41;2,8;2385;505;-1,000
268.295000;1,135;53;0,350;15;111;73;83;76;4,0;1670;38;2,0;3330;508;-1,000
269.430000;0,980;61;0,365;15;113;72;84;85;5,2;1295;42;2,6;2580;522;-1,000
270.410000;1,100;55;0,360;15;117;75;89;76;4,1;1710;38;2,1;3410;520;-1,000
271.510000;1,200;50;0,335;15;125;78;90;74;3,7;1948;37;1,8;3880;659;-1,000
272.710000;0,815;74;0,325;15;120;75;93;81;6,0;1243;41;3,0;2475;631;-1,000
273.525000;0,800;75;0,340;15;124;81;95;77;5,8;1308;39;2,9;2605;527;-1,000
274.325000;1,090;55;0,360;15;113;79;83;71;3,9;1690;36;2,0;3365;467;-1,000
275.415000;0,920;65;0,375;15;109;71;82;86;5,6;1175;43;2,8;2340;447;-1,000
276.335000;1,105;54;0,345;14;112;74;85;74;4,0;1700;37;2,0;3390;483;-1,000
277.440000;1,040;58;0,335;15;118;74;88;81;4,7;1515;40;2,3;3020;531;-1,000
278.480000;0,995;60;0,375;16;120;72;96;87;5,3;1465;44;2,6;2915;523;-1,000
279.475000;0,960;63;0,335;16;111;67;83;93;5,8;1143;47;2,9;2275;570;-1,000
280.435000;0,525;114;0,390;16;122;69;96;129;14,7;520;65;7,4;1035;539;-1,000
280.960000;0,530;113;0,165;17;93;89;76;0;0,0;0;0;0,0;0;145;-1,000
281.490000;0,855;70;0,165;16;98;63;76;0;0,0;0;0;0,0;0;145;-1,000
282.345000;0,810;74;0,165;14;98;63;76;0;0,0;0;0;0,0;0;145;-1,000
283.155000;0,815;74;0,165;14;98;63;76;0;0,0;0;0;0,0;0;145;-1,000
283.970000;0,795;75;0,165;14;98;63;76;0;0,0;0;0;0,0;0;145;-1,000
284.765000;0,805;75;0,165;13;98;63;76;0;0,0;0;0;0,0;0;145;-1,000
285.570000;0,995;60;0,340;13;122;69;83;91;5,5;1203;45;2,7;2395;659;-1,000
286.565000;0,940;64;0,360;14;120;68;82;93;5,9;1108;46;3,0;2205;647;-1,000
287.505000;0,905;66;0,355;14;115;67;81;90;5,9;1083;45;3,0;2155;559;-1,000
288.410000;0,955;63;0,345;14;113;67;80;90;5,6;1140;45;2,8;2270;552;-1,000
289.365000;1,070;56;0,220;14;111;67;80;62;3,4;1863;31;1,7;3710;519;-1,000
290.435000;1,100;55;0,350;14;114;69;82;85;4,6;1410;43;2,3;2810;550;-1,000
291.535000;0,950;63;0,345;14;115;71;85;86;5,4;1248;43;2,7;2485;555;-1,000
292.485000;0,945;63;0,345;14;113;71;86;84;5,3;1293;42;2,7;2570;513;-1,000
293.430000;0,955;63;0,335;14;115;73;89;79;4,9;1438;39;2,5;2865;534;-1,000
294.385000;0,940;64;0,335;14;120;76;89;79;4,9;1438;39;2,5;2865;534;-1,000
295.325000;1,060;57;0,335;14;120;76;89;79;4,9;1438;39;2,5;2865;534;-1,000
296.385000;0,940;64;0,335;14;120;76;89;79;4,9;1438;39;2,5;2865;534;-1,000
297.325000;0,940;64;0,335;14;120;76;89;79;4,9;1438;39;2,5;2865;534;-1,000
298.265000;0,835;72;0,335;14;120;76;89;79;4,9;1438;39;2,5;2865;534;-1,000
299.100000;0,845;71;0,335;14;120;76;89;79;4,9;1438;39;2,5;2865;534;-1,000
299.945000;0,835;72;0,355;14;143;92;109;77;5,5;1588;38;2,8;3165;694;-1,000
300.780000;1,035;58;0,355;14;141;90;103;74;4,3;1918;37;2,1;3820;678;-1,000
301.815000;0,905;66;0,345;14;137;82;99;89;5,9;1338;44;2,9;2665;852;-1,000
302.720000;0,970;62;0,345;14;137;82;97;84;5,2;1495;42;2,6;2975;769;-1,000
303.690000;1,000;60;0,350;14;135;81;95;88;5,3;1440;44;2,6;2870;766;-1,000
304.690000;0,950;63;0,335;14;133;79;95;85;5,4;1405;43;2,7;2800;764;-1,000
305.640000;0,925;65;0,345;14;132;81;94;84;5,4;1385;42;2,7;2760;688;-1,000
306.565000;0,935;64;0,350;14;131;79;94;85;5,4;1378;43;2,7;2745;652;-1,000
307.500000;0,960;63;0,340;14;129;79;93;82;5,1;1455;41;2,5;2900;653;-1,000
308.460000;1,075;56;0,340;14;130;78;93;82;5,1;1455;41;2,5;2900;653;-1,000
309.535000;0,905;66;0,340;14;130;78;93;82;5,1;1455;41;2,5;2900;653;-1,000
310.440000;0,970;62;0,340;14;130;78;93;82;5,1;1455;41;2,5;2900;653;-1,000
311.410000;0,985;61;0,350;14;137;81;99;87;5,3;1500;43;2,6;2985;773;-1,000
312.395000;0,910;66;0,345;14;137;83;100;82;5,4;1490;41;2,7;2970;788;-1,000
313.305000;1,005;60;0,345;14;138;84;99;81;4,8;1638;41;2,4;3260;777;-1,000
314.310000;0,960;63;0,350;14;139;83;101;90;5,6;1430;45;2,8;2850;816;-1,000
315.270000;0,900;67;0,345;14;138;83;101;85;5,7;1428;43;2,8;2845;795;-1,000
316.170000;0,950;63;0,340;14;138;84;100;83;5,2;1540;41;2,6;3065;769;-1,000
317.120000;1,045;57;0,350;14;139;84;99;82;4,7;1693;41;2,3;3375;817;-1,000
318.165000;0,920;65;0,340;14;137;82;99;84;5,5;1445;42;2,7;2880;841;-1,000
319.085000;1,060;57;0,350;14;138;84;98;82;4,6;1685;41;2,3;3360;784;-1,000
320.145000;1,035;58;0,350;14;136;81;97;86;4,9;1558;43;2,5;3100;836;-1,000
321.180000;0,945;63;0,345;14;135;81;97;84;5,3;1458;42;2,7;2900;816;-1,000
322.125000;1,080;56;0,345;14;136;82;96;84;4,6;1658;42;2,3;3300;780;-1,000
323.205000;1,020;59;0,345;14;135;79;96;89;5,2;1468;44;2,6;2920;848;-1,000
324.225000;0,950;63;0,345;14;133;80;97;85;5,4;1443;43;2,7;2870;802;-1,000
325.175000;0,980;61;0,345;14;135;81;98;85;5,2;1503;43;2,6;2995;789;-1,000
326.155000;0,980;61;0,345;14;136;81;98;85;5,2;1520;42;2,6;3025;830;-1,000
327.135000;1,015;59;0,345;14;136;83;98;82;4,8;1618;41;2,4;3225;809;-1,000
328.150000;1,040;58;0,350;14;138;82;99;86;4,9;1605;43;2,5;3200;833;-1,000
329.190000;0,965;62;0,345;14;137;82;100;85;5,3;1505;43;2,6;3000;853;-1,000
330.155000;1,085;55;0,345;14;139;84;100;85;5,3;1505;43;2,6;3000;853;-1,000
331.240000;0,960;63;0,345;14;139;84;100;85;5,3;1505;43;2,6;3000;853;-1,000
332.200000;0,905;66;0,345;14;139;84;100;85;5,3;1505;43;2,6;3000;853;-1,000
333.105000;1,035;58;0,345;14;140;84;100;85;4,9;1635;42;2,4;3255;863;-1,000
334.140000;0,990;61;0,345;14;138;82;98;86;5,2;1515;43;2,6;3015;875;-1,000
335.130000;0,925;65;0,340;14;138;83;99;85;5,5;1448;42;2,7;2885;856;-1,000
336.055000;0,960;63;0,355;14;137;82;97;87;5,5;1415;44;2,7;2820;820;-1,000
337.015000;0,925;65;0,345;14;134;80;96;87;5,6;1368;43;2,8;2725;789;-1,000
337.940000;0,975;62;0,350;14;136;81;97;86;5,3;1465;43;2,6;2915;795;-1,000
338.915000;0,965;62;0,345;14;135;81;96;84;5,2;1475;42;2,6;2940;797;-1,000
339.880000;0,950;63;0,340;14;135;81;96;86;5,4;1413;43;2,7;2815;805;-1,000
340.830000;0,920;65;0,345;14;134;79;95;88;5,7;1338;44;2,8;2665;811;-1,000
341.750000;1,040;58;0,345;14;135;80;94;85;4,9;1533;43;2,5;3055;794;-1,000
342.790000;0,955;63;0,345;14;133;78;94;88;5,5;1358;44;2,8;2705;830;-1,000
343.745000;1,060;57;0,350;14;134;80;94;86;4,8;1543;43;2,4;3075;772;-1,000
344.805000;0,940;64;0,345;14;133;78;95;90;5,7;1320;45;2,9;2630;803;-1,000
345.745000;0,925;65;0,345;14;133;80;95;85;5,5;1378;43;2,8;2745;736;-1,000
346.670000;0,980;61;0,350;14;135;80;97;88;5,3;1443;44;2,7;2875;756;-1,000
347.650000;0,960;63;0,345;14;135;81;98;83;5,2;1505;42;2,6;2995;780;-1,000
348.610000;0,930;65;0,350;14;136;83;100;84;5,4;1483;42;2,7;2950;747;-1,000
349.540000;1,030;58;0,355;14;138;84;98;85;5,0;1580;43;2,5;3145;783;-1,000
350.570000;0,915;66;0,340;14;136;81;99;85;5,5;1425;42;2,8;2840;808;-1,000
351.485000;1,055;57;0,345;14;137;83;97;82;4,7;1668;41;2,3;3320;767;-1,000
352.540000;0,990;61;0,355;14;133;84;97;80;4,8;1605;40;2,4;3200;683;-1,000
353.530000;0,930;65;0,345;14;136;82;99;85;5,4;1445;42;2,7;2880;809;-1,000
354.460000;0,925;65;0,345;14;132;87;102;75;4,8;1678;37;2,4;3340;641;-1,000
355.385000;0,775;77;0,335;14;139;83;103;87;6,7;1225;43;3,3;2440;847;-1,000
356.160000;0,930;65;0,345;14;140;86;102;81;5,2;1558;41;2,6;3100;788;-1,000
357.090000;1,005;60;0,345;14;143;85;102;82;4,9;1653;41;2,5;3295;880;-1,000
358.095000;1,095;55;0,345;14;143;84;100;82;4,5;1770;41;2,3;3530;889;-1,000
359.190000;1,010;59;0,340;14;142;83;100;88;5,2;1525;44;2,6;3035;906;-1,000
360.200000;1,035;58;0,345;14;140;83;97;85;4,9;1575;43;2,5;3140;863;-1,000
361.235000;1,015;59;0,345;14;136;81;97;85;4,9;1575;43;2,5;3140;863;-1,000
362.250000;0,840;71;0,345;14;136;81;97;85;4,9;1575;43;2,5;3140;863;-1,000
363.090000;0,960;63;0,345;14;136;81;97;85;4,9;1575;43;2,5;3140;863;-1,000
364.050000;0,795;75;0,390;14;136;80;105;104;7,8;1063;52;3,9;2115;839;-1,000
364.845000;0,790;76;0,355;14;140;79;104;100;7,6;1098;50;3,8;2185;863;-1,000
365.635000;0,765;78;0,350;14;134;82;99;87;6,8;1165;43;3,4;2320;736;-1,000
366.400000;0,720;83;0,335;14;139;81;101;88;7,3;1105;44;3,7;2200;811;-1,000
367.120000;0,760;79;0,340;14;137;83;102;84;6,6;1230;42;3,3;2450;727;-1,000
367.880000;1,155;52;0,345;14;139;84;95;76;3,9;1930;38;2,0;3845;769;-1,000
369.035000;1,015;59;0,350;14;138;77;95;92;5,4;1408;46;2,7;2805;881;-1,000
370.050000;1,060;57;0,335;14;136;80;93;84;4,7;1570;42;2,4;3130;781;-1,000
371.110000;1,055;57;0,345;14;130;76;91;90;5,1;1425;45;2,5;2840;758;-1,000
372.165000;0,965;62;0,320;14;127;75;89;85;5,3;1345;42;2,6;2680;714;-1,000
373.130000;1,095;55;0,340;14;124;74;87;84;4,6;1508;42;2,3;3005;616;-1,000
374.225000;1,040;58;0,340;14;122;73;87;84;4,8;1445;42;2,4;2880;641;-1,000
375.265000;1,030;58;0,335;14;124;75;89;81;4,7;1498;41;2,4;2985;628;-1,000
376.295000;1,005;60;0,340;14;125;76;91;82;4,9;1488;41;2,4;2965;634;-1,000
377.300000;0,965;62;0,340;14;124;77;92;80;5,0;1475;40;2,5;2935;606;-1,000
378.265000;1,030;58;0,335;14;127;79;93;79;4,6;1620;39;2,3;3230;623;-1,000
379.295000;1,065;56;0,340;14;130;79;94;82;4,6;1643;41;2,3;3275;688;-1,000
380.360000;1,025;59;0,345;14;131;80;96;83;4,9;1565;42;2,4;3120;705;-1,000
381.385000;1,050;57;0,340;14;131;81;96;79;4,5;1700;40;2,3;3385;702;-1,000
382.435000;1,020;59;0,340;14;133;81;96;82;4,8;1590;41;2,4;3170;730;-1,000
383.455000;0,985;61;0,335;14;131;81;96;79;4,8;1603;40;2,4;3190;703;-1,000
384.440000;1,080;56;0,335;14;134;83;97;77;4,3;1813;38;2,1;3610;722;-1,000
385.520000;1,115;54;0,345;14;135;81;97;82;4,4;1743;41;2,2;3475;759;-1,000
386.635000;0,970;62;0,340;14;134;81;98;85;5,2;1493;42;2,6;2975;761;-1,000
387.605000;0,815;74;0,330;14;134;84;102;81;5,9;1365;40;3,0;2720;730;-1,000
388.420000;0,980;61;0,340;14;138;87;102;73;4,4;1835;36;2,2;3655;714;-1,000
389.400000;0,895;67;0,340;14;139;85;103;81;5,4;1520;40;2,7;3025;830;-1,000
390.295000;0,930;65;0,340;14;140;87;103;76;4,9;1675;38;2,5;3335;798;-1,000
391.225000;1,090;55;0,345;14;143;87;102;78;4,3;1900;39;2,2;3785;836;-1,000
392.315000;1,020;59;0,340;14;142;85;102;83;4,9;1668;42;2,4;3325;902;-1,000
393.335000;0,975;62;0,340;14;141;87;101;79;4,8;1670;39;2,4;3330;858;-1,000
394.310000;0,905;66;0,340;14;141;84;102;84;5,6;1470;42;2,8;2930;823;-1,000
395.215000;0,965;62;0,335;14;139;87;101;74;4,6;1763;37;2,3;3510;755;-1,000
396.180000;1,050;57;0,345;14;142;85;101;82;4,7;1720;41;2,3;3430;817;-1,000
397.230000;0,980;61;0,340;14;141;83;101;84;5,1;1575;42;2,6;3140;855;-1,000
398.210000;0,980;61;0,340;14;139;84;100;81;4,9;1615;40;2,5;3215;800;-1,000
399.190000;1,115;54;0,345;14;142;84;100;82;4,4;1810;41;2,2;3605;823;-1,000
400.305000;1,050;57;0,340;14;142;81;99;88;5,0;1570;44;2,5;3125;936;-1,000
401.355000;1,025;59;0,335;14;139;82;97;84;4,9;1588;42;2,4;3160;858;-1,000
402.380000;1,090;55;0,335;14;139;81;97;84;4,9;1588;42;2,4;3160;858;-1,000
403.470000;0,965;62;0,335;14;139;81;97;84;4,9;1588;42;2,4;3160;858;-1,000
404.435000;1,115;54;0,335;14;139;81;97;84;4,9;1588;42;2,4;3160;858;-1,000
405.550000;1,070;56;0,340;14;141;80;98;90;5,0;1560;45;2,5;3105;902;-1,000
406.620000;0,885;68;0,340;14;138;82;102;88;5,9;1365;44;3,0;2720;822;-1,000
407.505000;0,810;74;0,340;14;135;85;104;83;6,1;1355;41;3,0;2700;689;-1,000
408.315000;0,820;73;0,345;14;136;85;105;86;6,3;1335;43;3,1;2660;716;-1,000
409.135000;0,825;73;0,345;14;138;86;106;82;6,0;1415;41;3,0;2815;713;-1,000
409.960000;0,980;61;0,340;14;140;87;103;77;4,7;1745;39;2,3;3480;744;-1,000
410.940000;0,935;64;0,345;14;140;84;104;86;5,5;1500;43;2,8;2990;788;-1,000
411.875000;0,915;66;0,345;14;141;86;104;83;5,5;1520;42;2,7;3030;791;-1,000
412.790000;0,995;60;0,340;14;141;86;101;79;4,8;1690;40;2,4;3370;791;-1,000
413.785000;1,050;57;0,345;14;141;84;101;85;4,8;1665;42;2,4;3320;845;-1,000
414.835000;1,020;59;0,340;14;140;82;98;88;5,2;1523;44;2,6;3035;856;-1,000
415.855000;0,950;63;0,340;14;134;81;97;84;5,3;1465;42;2,6;2920;783;-1,000
416.805000;1,010;59;0,345;14;135;82;96;84;4,9;1548;42;2,5;3085;772;-1,000
417.815000;1,015;59;0,345;14;132;80;95;84;4,9;1540;42;2,5;3065;767;-1,000
418.830000;0,995;60;0,340;14;132;80;95;82;5,0;1535;41;2,5;3055;750;-1,000
419.825000;1,125;53;0,345;14;134;82;96;80;4,3;1805;40;2,1;3595;734;-1,000
420.950000;1,000;60;0,345;14;134;81;96;86;5,2;1483;43;2,6;2955;777;-1,000
421.950000;0,840;71;0,335;14;131;80;96;84;6,0;1283;42;3,0;2555;795;-1,000
422.790000;0,835;72;0,330;14;131;83;97;76;5,5;1415;38;2,7;2820;741;-1,000
423.625000;0,985;61;0,345;14;135;83;98;79;4,8;1630;40;2,4;3250;766;-1,000
424.610000;0,785;76;0,340;14;137;84;104;85;6,5;1283;42;3,2;2555;783;-1,000
425.395000;0,820;73;0,340;14;134;87;105;77;5,6;1485;39;2,8;2955;634;-1,000
426.215000;0,830;72;0,350;14;141;89;107;82;5,9;1448;41;3,0;2885;750;-1,000
427.045000;1,010;59;0,355;14;142;89;103;75;4,4;1858;38;2,2;3700;791;-1,000
428.055000;0,865;69;0,340;14;142;85;104;86;5,9;1395;43;3,0;2780;905;-1,000
428.920000;0,890;67;0,345;14;144;88;106;81;5,4;1563;40;2,7;3110;864;-1,000
429.810000;0,880;68;0,335;14;142;87;104;80;5,4;1520;40;2,7;3025;858;-1,000
430.690000;0,860;70;0,340;14;141;87;103;80;5,6;1465;40;2,8;2915;845;-1,000
431.550000;0,755;79;0,345;14;140;86;105;83;6,6;1275;41;3,3;2540;819;-1,000
432.305000;0,775;77;0,340;14;142;88;105;82;6,3;1320;41;3,2;2630;816;-1,000
433.080000;1,020;59;0,340;14;141;87;100;76;4,5;1773;38;2,2;3535;825;-1,000
434.100000;0,940;64;0,335;14;139;82;99;85;5,4;1445;43;2,7;2880;891;-1,000
435.040000;1,040;58;0,335;14;138;83;97;83;4,8;1625;42;2,4;3235;853;-1,000
436.080000;0,970;62;0,330;14;134;79;95;86;5,3;1435;43;2,7;2860;858;-1,000
437.050000;0,985;61;0,330;14;134;80;94;83;5,0;1498;41;2,5;2980;816;-1,000
438.035000;1,025;59;0,345;14;135;78;94;90;5,2;1430;45;2,6;2850;847;-1,000
439.060000;0,895;67;0,335;14;133;78;96;88;5,9;1293;44;3,0;2575;844;-1,000
439.955000;0,965;62;0,340;14;134;80;97;85;5,3;1463;43;2,6;2910;784;-1,000
440.920000;1,010;59;0,340;14;135;81;96;82;4,8;1578;41;2,4;3140;823;-1,000
441.930000;0,900;67;0,335;14;133;79;97;85;5,7;1365;43;2,8;2720;814;-1,000
442.830000;0,930;65;0,340;14;137;82;101;85;5,4;1478;42;2,7;2940;819;-1,000
443.760000;0,965;62;0,345;14;135;84;98;82;5,1;1538;41;2,5;3065;789;-1,000
444.725000;0,880;68;0,275;14;103;77;90;49;3,3;2140;25;1,7;4265;520;-1,000
445.605000;0,975;62;0,275;14;107;72;89;64;3,9;1823;32;2,0;3630;406;-1,000
446.580000;1,035;58;0,335;14;124;81;92;78;4,5;1645;39;2,2;3275;569;-1,000
447.615000;1,030;58;0,330;14;123;75;92;84;4,9;1493;42;2,5;2975;553;-1,000
448.645000;0,940;64;0,330;13;130;78;92;89;5,7;1288;45;2,8;2565;773;-1,000
449.585000;0,895;67;0,325;14;114;73;91;75;5,0;1448;37;2,5;2885;486;-1,000
450.480000;0,890;67;0,325;15;135;79;98;88;5,9;1313;44;3,0;2615;858;-1,000
451.370000;0,865;69;0,325;14;137;83;98;88;5,9;1313;44;3,0;2615;858;-1,000
452.235000;0,850;71;0,325;14;137;83;98;88;5,9;1313;44;3,0;2615;858;-1,000
453.085000;0,950;63;0,325;14;137;83;98;88;5,9;1313;44;3,0;2615;858;-1,000
454.035000;0,880;68;0,325;14;137;83;98;88;5,9;1313;44;3,0;2615;858;-1,000
454.915000;0,885;68;0,330;14;145;73;92;116;7,9;930;58;3,9;1855;1209;-1,000
455.800000;0,950;63;0,335;14;130;69;87;107;6,7;1025;53;3,4;2045;895;-1,000
456.750000;0,970;62;0,340;14;131;70;87;102;6,3;1098;51;3,2;2185;911;-1,000
457.720000;0,865;69;0,325;14;128;70;89;97;6,7;1055;48;3,3;2100;889;-1,000
458.585000;0,925;65;0,340;14;128;71;88;97;6,3;1128;48;3,1;2245;809;-1,000
459.510000;0,905;66;0,330;14;127;72;90;93;6,2;1163;46;3,1;2315;766;-1,000
460.415000;0,850;71;0,330;14;127;74;92;87;6,1;1205;43;3,1;2400;747;-1,000
461.265000;0,960;63;0,330;14;127;76;93;83;5,2;1423;42;2,6;2835;664;-1,000
462.225000;1,000;60;0,335;14;126;76;93;82;4,9;1500;41;2,5;2985;672;-1,000
463.225000;0,975;62;0,330;14;129;78;94;82;5,0;1498;41;2,5;2985;681;-1,000
464.200000;1,110;54;0,335;14;127;78;92;81;4,4;1685;40;2,2;3360;672;-1,000
465.310000;1,045;57;0,335;14;131;76;94;89;5,1;1483;44;2,5;2955;733;-1,000
466.355000;0,995;60;0,330;15;133;79;96;82;4,9;1550;41;2,5;3090;736;-1,000
467.350000;0,935;64;0,335;15;134;83;99;80;5,1;1543;40;2,6;3070;706;-1,000
468.285000;0,940;64;0,335;15;133;84;99;75;4,8;1660;37;2,4;3310;695;-1,000
469.225000;1,095;55;0,335;15;134;84;97;76;4,2;1873;38;2,1;3730;706;-1,000
470.320000;0,945;63;0,335;15;136;81;100;86;5,5;1463;43;2,7;2910;811;-1,000
471.265000;0,955;63;0,330;14;130;83;97;78;4,9;1590;39;2,4;3170;652;-1,000
472.220000;1,155;52;0,340;14;130;80;94;80;4,1;1823;40;2,1;3630;675;-1,000
473.375000;1,020;59;0,330;14;136;79;96;88;5,2;1488;44;2,6;2965;905;-1,000
474.395000;1,025;59;0,340;14;131;80;95;83;4,8;1570;41;2,4;3130;719;-1,000
475.420000;0,915;66;0,335;14;134;80;97;88;5,8;1343;44;2,9;2675;847;-1,000
476.335000;0,970;62;0,340;14;133;81;97;82;5,1;1523;41;2,5;3035;730;-1,000
477.305000;1,165;52;0,335;14;131;81;97;72;3,7;2083;36;1,9;4150;728;-1,000
478.470000;0,955;63;0,370;16;161;96;116;91;5,7;1620;46;2,9;3225;1067;-1,000
479.425000;1,010;59;0,330;16;145;89;103;79;4,7;1753;40;2,3;3495;1044;-1,000
480.435000;0,980;61;0,330;16;137;80;100;90;5,5;1453;45;2,7;2895;956;-1,000
481.415000;1,015;59;0,330;16;141;85;103;82;4,8;1703;41;2,4;3395;917;-1,000
482.430000;0,955;63;0,335;16;141;85;105;82;5,2;1628;41;2,6;3245;906;-1,000
483.385000;1,025;59;0,340;16;144;89;108;79;4,6;1870;39;2,3;3725;864;-1,000
484.410000;1,040;58;0,340;16;144;90;107;77;4,4;1938;38;2,2;3860;869;-1,000
485.450000;1,025;59;0,330;16;147;90;107;77;4,5;1900;39;2,3;3785;956;-1,000
486.475000;1,150;52;0,340;16;149;90;106;80;4,1;2045;40;2,1;4075;991;-1,000
487.625000;1,040;58;0,335;17;149;86;106;85;4,9;1730;42;2,4;3445;1070;-1,000
488.665000;1,125;53;0,335;17;148;88;105;82;4,3;1920;41;2,2;3825;1000;-1,000
489.790000;1,055;57;0,335;17;147;86;105;83;4,7;1785;42;2,3;3555;1056;-1,000
490.845000;1,105;54;0,335;17;148;88;104;82;4,5;1868;41;2,2;3720;1014;-1,000
491.950000;0,995;60;0,335;17;146;85;105;86;5,2;1615;43;2,6;3215;1031;-1,000
492.945000;1,025;59;0,335;17;146;88;105;81;4,7;1780;40;2,4;3545;970;-1,000
493.970000;1,085;55;0,335;17;146;87;105;81;4,5;1860;41;2,2;3705;984;-1,000
495.055000;1,025;59;0,335;17;146;87;106;82;4,8;1758;41;2,4;3500;1011;-1,000
496.080000;1,125;53;0,340;17;146;89;104;78;4,2;1998;39;2,1;3980;991;-1,000
497.205000;0,980;61;0,330;17;144;85;104;82;5,0;1660;41;2,5;3305;1014;-1,000
498.185000;1,035;58;0,335;17;144;88;104;79;4,6;1823;39;2,3;3630;945;-1,000
499.220000;1,150;52;0,340;17;145;87;102;81;4,2;1950;40;2,1;3885;988;-1,000
500.370000;1,010;59;0,335;17;142;84;103;84;4,9;1658;42;2,5;3300;1013;-1,000
501.380000;1,040;58;0,330;17;143;87;103;79;4,5;1820;39;2,3;3625;927;-1,000
502.420000;1,040;58;0,340;17;144;86;103;83;4,8;1733;41;2,4;3450;961;-1,000
503.460000;0,975;62;0,335;17;143;86;103;80;4,9;1680;40;2,5;3345;950;-1,000
504.435000;1,055;57;0,340;17;144;87;103;82;4,7;1758;41;2,3;3500;920;-1,000
505.490000;1,005;60;0,340;17;140;84;102;82;4,9;1665;41;2,4;3320;880;-1,000
506.495000;1,175;51;0,335;17;141;86;100;78;4,0;2023;39;2,0;4025;853;-1,000
507.670000;1,120;54;0,335;17;142;82;100;88;4,7;1688;44;2,4;3365;978;-1,000
508.790000;0,950;63;0,340;17;140;83;101;87;5,5;1480;43;2,7;2950;936;-1,000
509.740000;0,975;62;0,340;17;140;86;103;81;5,0;1650;41;2,5;3290;827;-1,000
510.715000;0,995;60;0,340;17;142;86;104;81;4,9;1700;40;2,4;3390;880;-1,000
511.710000;1,045;57;0,330;17;142;87;103;75;4,3;1908;38;2,1;3800;877;-1,000
512.755000;1,065;56;0,345;17;144;85;103;85;4,8;1718;43;2,4;3420;958;-1,000
513.820000;0,950;63;0,335;17;142;85;104;82;5,2;1603;41;2,6;3195;928;-1,000
514.770000;1,025;59;0,340;17;144;88;104;80;4,7;1775;40;2,3;3535;900;-1,000
515.795000;0,990;61;0,340;17;144;87;105;82;4,9;1698;41;2,5;3380;952;-1,000
516.785000;1,105;54;0,340;17;146;88;103;78;4,2;1945;39;2,1;3875;945;-1,000
517.890000;1,040;58;0,340;17;144;84;103;86;4,9;1673;43;2,5;3330;995;-1,000
518.930000;1,075;56;0,335;17;143;86;102;80;4,5;1818;40;2,2;3620;925;-1,000
520.005000;1,015;59;0,335;17;142;84;101;86;5,1;1598;43;2,5;3185;950;-1,000
521.020000;1,020;59;0,335;17;140;85;100;81;4,7;1698;40;2,4;3380;894;-1,000
522.040000;1,110;54;0,340;17;140;84;99;83;4,4;1778;41;2,2;3540;881;-1,000
523.150000;1,040;58;0,340;17;138;81;99;86;4,9;1588;43;2,5;3165;930;-1,000
524.190000;1,020;59;0,330;17;136;83;98;78;4,6;1698;39;2,3;3380;855;-1,000
525.210000;1,090;55;0,340;17;136;82;98;82;4,5;1723;41;2,3;3435;866;-1,000
526.300000;0,995;60;0,340;17;135;81;98;85;5,1;1538;42;2,5;3065;880;-1,000
527.295000;0,970;62;0,330;17;134;83;99;76;4,7;1678;38;2,3;3340;808;-1,000
528.265000;1,040;58;0,335;17;137;84;100;79;4,5;1770;39;2,3;3530;834;-1,000
529.305000;0,995;60;0,335;17;137;84;102;80;4,8;1693;40;2,4;3370;863;-1,000
530.300000;0,935;64;0,330;17;138;87;103;75;4,8;1720;37;2,4;3430;828;-1,000
531.235000;1,170;51;0,335;17;140;88;101;74;3,8;2140;37;1,9;4265;842;-1,000
532.405000;1,080;56;0,335;17;139;83;101;83;4,6;1753;42;2,3;3495;934;-1,000
533.485000;1,050;57;0,330;17;139;86;103;79;4,5;1840;39;2,2;3665;897;-1,000
534.535000;1,005;60;0,340;17;141;87;104;80;4,8;1745;40;2,4;3475;883;-1,000
535.540000;0,975;62;0,335;17;141;88;105;78;4,8;1758;39;2,4;3500;848;-1,000
536.515000;0,900;67;0,330;17;141;89;106;74;4,9;1733;37;2,5;3450;836;-1,000
537.415000;1,015;59;0,330;17;145;92;107;72;4,2;2025;36;2,1;4035;827;-1,000
538.430000;1,200;50;0,340;17;145;91;104;75;3,7;2228;37;1,9;4435;906;-1,000
539.630000;0,990;61;0,335;17;142;84;104;85;5,2;1613;43;2,6;3210;922;-1,000
540.620000;1,005;60;0,335;17;142;89;104;76;4,5;1825;38;2,3;3635;830;-1,000
541.625000;1,140;53;0,340;17;141;87;101;79;4,1;1958;39;2,1;3900;870;-1,000
542.765000;0,975;62;0,325;17;137;83;101;82;5,0;1600;41;2,5;3185;867;-1,000
543.740000;1,070;56;0,345;17;139;86;101;81;4,5;1778;40;2,3;3540;808;-1,000
544.810000;0,930;65;0,335;17;138;83;102;85;5,5;1483;43;2,7;2955;863;-1,000
545.740000;0,965;62;0,350;17;138;86;103;80;4,9;1660;40;2,5;3310;764;-1,000
546.705000;0,935;64;0,345;17;139;86;104;79;5,1;1635;40;2,5;3255;764;-1,000
547.640000;0,975;62;0,340;17;140;88;104;75;4,6;1790;38;2,3;3565;775;-1,000
548.615000;1,085;55;0,340;17;142;88;102;79;4,3;1878;39;2,2;3740;817;-1,000
549.700000;0,980;61;0,345;17;140;84;102;85;5,2;1578;42;2,6;3140;855;-1,000
550.680000;0,925;65;0,340;17;138;86;102;78;5,0;1615;39;2,5;3215;756;-1,000
551.605000;1,025;59;0,340;17;139;86;101;79;4,6;1740;40;2,3;3465;761;-1,000
552.630000;1,080;56;0,350;17;138;84;99;83;4,6;1725;41;2,3;3440;783;-1,000
553.710000;1,010;59;0,335;17;135;82;98;82;4,8;1618;41;2,4;3220;794;-1,000
554.720000;1,125;53;0,330;17;135;83;96;80;4,3;1795;40;2,1;3575;755;-1,000
555.845000;0,980;61;0,345;17;132;78;96;88;5,3;1425;44;2,7;2840;781;-1,000
556.825000;0,960;63;0,325;17;130;82;95;76;4,7;1605;38;2,4;3195;675;-1,000
557.785000;1,015;59;0,350;17;131;80;96;83;4,9;1560;42;2,5;3110;689;-1,000
558.800000;0,965;62;0,345;17;130;81;97;80;5,0;1565;40;2,5;3120;691;-1,000
559.765000;1,030;58;0,330;17;131;84;97;72;4,2;1848;36;2,1;3680;663;-1,000
560.795000;1,070;56;0,345;17;133;83;97;80;4,5;1733;40;2,2;3455;706;-1,000
561.865000;1,020;59;0,345;17;133;82;97;83;4,9;1598;41;2,4;3185;703;-1,000
562.885000;0,955;63;0,340;17;132;83;98;79;4,9;1573;39;2,5;3130;684;-1,000
563.840000;1,080;56;0,335;17;132;84;95;75;4,1;1833;37;2,1;3650;675;-1,000
564.920000;1,015;59;0,340;17;131;80;95;83;4,9;1540;42;2,5;3070;711;-1,000
565.935000;0,970;62;0,335;17;129;81;96;77;4,8;1605;39;2,4;3200;678;-1,000
566.905000;1,050;57;0,345;17;131;82;95;80;4,5;1675;40;2,3;3335;681;-1,000
567.955000;0,945;63;0,340;17;130;80;96;82;5,2;1488;41;2,6;2960;702;-1,000
568.900000;0,985;61;0,340;17;131;83;97;77;4,7;1663;38;2,3;3310;688;-1,000
569.885000;1,040;58;0,345;17;132;82;97;79;4,5;1703;40;2,3;3390;700;-1,000
570.925000;0,940;64;0,340;17;132;82;98;79;5,0;1563;39;2,5;3110;711;-1,000
571.865000;0,965;62;0,345;18;133;85;100;77;4,8;1670;38;2,4;3325;689;-1,000
572.830000;0,980;61;0,340;17;134;85;100;76;4,6;1720;38;2,3;3430;703;-1,000
573.810000;0,980;61;0,335;17;134;85;100;73;4,4;1793;36;2,2;3575;706;-1,000
574.790000;1,005;60;0,340;18;136;85;100;79;4,7;1688;40;2,4;3365;747;-1,000
575.795000;0,915;66;0,340;17;135;85;102;79;5,1;1578;39;2,6;3140;717;-1,000
576.710000;0,965;62;0,345;17;137;88;102;75;4,7;1748;38;2,3;3480;705;-1,000
577.675000;0,940;64;0,345;17;138;86;103;79;5,0;1628;40;2,5;3240;750;-1,000
578.615000;0,945;63;0,345;18;137;87;102;77;4,8;1680;38;2,4;3345;716;-1,000
579.560000;0,985;61;0,350;17;137;86;102;81;4,9;1653;40;2,5;3295;722;-1,000
580.545000;0,915;66;0,340;17;137;86;102;77;5,1;1613;39;2,5;3210;739;-1,000
581.460000;0,960;63;0,345;17;138;87;102;80;5,0;1628;40;2,5;3240;728;-1,000
582.420000;0,925;65;0,340;18;138;86;103;78;5,0;1635;39;2,5;3255;736;-1,000
583.345000;0,990;61;0,340;17;138;87;102;76;4,6;1773;38;2,3;3535;734;-1,000
584.335000;0,955;63;0,345;17;136;84;101;82;5,1;1568;41;2,6;3125;722;-1,000
585.290000;0,910;66;0,335;17;137;86;101;77;5,1;1595;39;2,5;3180;720;-1,000
586.200000;0,930;65;0,345;17;136;85;101;81;5,2;1555;40;2,6;3100;702;-1,000
587.130000;0,875;69;0,340;17;137;86;103;78;5,3;1535;39;2,7;3055;733;-1,000
588.005000;0,895;67;0,340;17;138;87;102;77;5,1;1585;38;2,6;3155;739;-1,000
588.900000;0,895;67;0,345;17;136;86;102;80;5,4;1520;40;2,7;3025;722;-1,000
589.795000;0,785;76;0,340;17;136;86;104;81;6,2;1340;41;3,1;2670;700;-1,000
590.580000;0,885;68;0,340;18;135;86;103;79;5,3;1538;40;2,7;3065;700;-1,000
591.465000;0,775;77;0,345;18;133;85;104;82;6,3;1305;41;3,2;2600;689;-1,000
592.240000;0,910;66;0,340;17;135;86;101;76;5,0;1613;38;2,5;3210;692;-1,000
593.150000;0,890;67;0,345;17;137;83;100;87;5,8;1370;43;2,9;2730;739;-1,000
594.040000;0,880;68;0,335;17;136;82;99;83;5,6;1408;41;2,8;2805;745;-1,000
594.920000;1,025;59;0,340;17;136;83;96;82;4,8;1608;41;2,4;3205;778;-1,000
595.945000;0,910;66;0,335;17;135;80;96;87;5,7;1328;44;2,9;2645;813;-1,000
596.855000;0,935;64;0,335;17;132;79;94;83;5,3;1418;41;2,6;2825;730;-1,000
597.790000;1,040;58;0,340;17;132;79;92;83;4,8;1538;42;2,4;3065;745;-1,000
598.830000;0,945;63;0,330;17;128;76;91;85;5,3;1350;42;2,7;2690;725;-1,000
599.775000;1,125;53;0,335;17;128;77;88;83;4,4;1585;42;2,2;3160;683;-1,000
600.900000;0,920;65;0,335;17;123;72;88;83;4,4;1585;42;2,2;3160;683;-1,000
601.820000;0,855;70;0,335;17;123;72;88;83;4,4;1585;42;2,2;3160;683;-1,000
602.675000;0,850;71;0,335;17;123;72;88;83;4,4;1585;42;2,2;3160;683;-1,000
603.525000;0,890;67;0,315;16;115;75;91;68;4,6;1593;34;2,3;3170;472;-1,000
604.415000;0,780;77;0,355;14;123;78;96;83;6,3;1208;41;3,2;2405;586;-1,000
605.195000;0,860;70;0,340;14;137;85;94;92;6,4;1163;46;3,2;2315;727;-1,000
606.055000;0,880;68;0,220;14;94;62;81;53;3,6;1780;27;1,8;3545;381;-1,000
606.935000;0,765;78;0,335;14;123;73;92;96;7,5;983;48;3,8;1955;636;-1,000
607.700000;0,875;69;0,340;13;128;79;95;80;5,5;1375;40;2,8;2740;663;-1,000
608.575000;0,860;70;0,340;13;124;78;92;86;6,0;1220;43;3,0;2430;641;-1,000
609.435000;0,845;71;0,335;13;122;76;91;81;5,7;1273;40;2,9;2535;600;-1,000
610.280000;0,905;66;0,330;13;123;77;91;81;5,4;1340;41;2,7;2670;614;-1,000
611.185000;0,925;65;0,330;13;123;77;89;81;5,2;1368;40;2,6;2725;617;-1,000
612.110000;0,905;66;0,325;13;121;72;88;89;5,9;1190;45;3,0;2370;644;-1,000
613.015000;0,980;61;0,335;13;122;75;88;84;5,1;1383;42;2,5;2755;620;-1,000
613.995000;0,885;68;0,330;13;122;74;89;85;5,8;1235;43;2,9;2460;630;-1,000
614.880000;0,935;64;0,345;13;121;76;89;82;5,3;1350;41;2,6;2690;603;-1,000
615.815000;0,900;67;0,340;14;123;77;91;83;5,5;1320;41;2,8;2630;625;-1,000
616.715000;0,880;68;0,330;13;120;77;91;77;5,2;1390;38;2,6;2770;564;-1,000
617.595000;0,960;63;0,340;13;121;78;92;77;4,8;1523;38;2,4;3030;569;-1,000
618.555000;0,940;64;0,340;14;125;79;95;79;5,0;1510;39;2,5;3010;625;-1,000
619.495000;1,000;60;0,330;14;129;82;95;75;4,5;1690;37;2,2;3365;644;-1,000
620.495000;1,010;59;0,345;14;129;80;96;82;4,8;1573;41;2,4;3130;670;-1,000
621.505000;0,890;67;0,340;14;129;81;97;82;5,5;1403;41;2,8;2795;688;-1,000
622.395000;0,995;60;0,345;14;132;83;97;79;4,7;1633;39;2,4;3255;677;-1,000
623.390000;0,930;65;0,345;14;131;80;97;84;5,4;1420;42;2,7;2830;714;-1,000
624.320000;1,005;60;0,340;14;129;82;94;75;4,5;1685;38;2,2;3355;625;-1,000
625.325000;0,950;63;0,340;14;133;80;97;90;5,7;1368;45;2,8;2725;741;-1,000
626.275000;0,880;68;0,345;14;129;79;94;88;6,0;1255;44;3,0;2500;711;-1,000
627.155000;0,935;64;0,340;14;125;80;95;77;4,9;1540;38;2,5;3070;627;-1,000
628.090000;0,905;66;0,340;14;129;81;94;78;5,2;1450;39;2,6;2890;705;-1,000
628.995000;0,870;69;0,335;14;125;78;91;83;5,7;1285;41;2,8;2560;670;-1,000
629.865000;0,810;74;0,330;14;122;78;91;78;5,8;1268;39;2,9;2525;652;-1,000
630.675000;0,830;72;0,345;14;122;76;92;82;5,9;1240;41;3,0;2470;598;-1,000
631.505000;0,825;73;0,335;14;124;79;91;77;5,6;1313;38;2,8;2615;609;-1,000
632.330000;0,855;70;0,340;14;123;78;91;78;5,5;1323;39;2,7;2635;606;-1,000
633.185000;0,850;71;0,335;14;121;77;88;78;5,5;1283;39;2,8;2555;600;-1,000
634.035000;0,890;67;0,340;14;123;76;90;83;5,6;1288;41;2,8;2565;620;-1,000
634.925000;0,975;62;0,345;14;123;76;87;83;5,1;1350;42;2,5;2690;653;-1,000
635.900000;0,880;68;0,335;13;119;70;84;94;6,4;1053;47;3,2;2100;634;-1,000
636.780000;0,980;61;0,340;13;110;65;81;92;5,6;1140;46;2,8;2270;578;-1,000
637.760000;0,995;60;0,340;13;106;64;79;88;5,3;1188;44;2,6;2365;544;-1,000
638.755000;0,915;66;0,330;13;108;66;82;84;5,5;1193;42;2,7;2375;538;-1,000
639.670000;0,920;65;0,340;13;110;68;84;85;5,5;1215;42;2,8;2420;559;-1,000
640.590000;1,010;59;0,335;13;110;70;83;78;4,6;1425;39;2,3;2840;539;-1,000
641.600000;0,915;66;0,335;13;109;70;82;76;4,9;1325;38;2,5;2640;523;-1,000
642.515000;0,895;67;0,335;13;115;73;87;78;5,2;1325;39;2,6;2640;548;-1,000
643.410000;0,990;61;0,340;13;113;71;87;80;4,8;1445;40;2,4;2880;538;-1,000
644.400000;0,920;65;0,345;14;122;78;92;79;5,1;1438;39;2,5;2865;575;-1,000
645.320000;0,865;69;0,330;13;125;80;95;72;5,0;1518;36;2,5;3025;598;-1,000
646.185000;0,935;64;0,370;10;118;76;86;93;6,0;1145;47;3,0;2280;545;-1,000
647.120000;0,895;67;0,295;5;107;69;76;78;5,2;1155;39;2,6;2300;497;-1,000
648.015000;0,805;75;0,390;4;134;56;84;184;13,7;488;92;6,9;970;694;-1,000
648.820000;0,815;74;0,285;9;83;46;65;83;6,1;843;42;3,1;1675;386;-1,000
649.635000;0,885;68;0,330;10;92;53;70;97;6,6;843;49;3,3;1680;495;-1,000
650.520000;0,810;74;0,325;10;103;57;84;79;5,8;1153;39;2,9;2295;536;-1,000
651.330000;0,780;77;0,340;12;116;76;91;73;5,6;1308;36;2,8;2605;547;-1,000
652.110000;0,770;78;0,340;12;115;76;81;76;5,9;1100;38;2,9;2190;561;-1,000
652.880000;0,750;80;0,320;12;94;54;66;106;8,5;618;53;4,3;1230;530;-1,000
653.630000;0,740;81;0,355;10;102;53;72;124;10,0;575;62;5,0;1145;556;-1,000
654.370000;0,760;79;0,320;8;102;61;72;76;5,9;963;38;3,0;1920;594;-1,000
655.130000;0,705;85;0,350;8;97;59;70;82;7,0;803;41;3,5;1595;445;-1,000
655.835000;0,720;83;0,350;8;114;66;70;82;7,0;803;41;3,5;1595;445;-1,000
656.555000;0,725;83;0,350;7;114;66;70;82;7,0;803;41;3,5;1595;445;-1,000
657.280000;0,740;81;0,350;7;114;66;70;82;7,0;803;41;3,5;1595;445;-1,000
658.020000;1,480;41;0,350;5;114;66;70;82;7,0;803;41;3,5;1595;445;-1,000
659.500000;0,720;83;0,350;3;114;66;70;82;7,0;803;41;3,5;1595;445;-1,000
660.220000;0,640;94;0,350;4;114;66;70;82;7,0;803;41;3,5;1595;445;-1,000
660.860000;0,425;141;0,320;3;95;63;80;85;12,0;533;43;6,0;1060;294;-1,000
661.285000;0,510;118;0,285;4;81;76;74;6;0,8;7888;3;0,4;15715;102;-1,000
661.795000;0,805;75;0,290;3;98;65;75;67;5,0;1203;34;2,5;2395;489;-1,000
662.600000;0,825;73;0,315;3;99;64;74;69;5,0;1183;34;2,5;2355;439;-1,000
663.425000;0,855;70;0,295;3;94;63;71;71;5,0;1138;36;2,5;2265;395;-1,000
664.280000;0,895;67;0,315;3;95;61;71;74;5,0;1133;37;2,5;2255;409;-1,000
665.175000;0,860;70;0,305;4;93;61;71;69;4,8;1173;35;2,4;2335;406;-1,000
666.035000;0,840;71;0,300;3;97;64;74;69;4,9;1193;35;2,5;2375;431;-1,000
666.875000;0,925;65;0,300;3;101;64;74;69;4,9;1193;35;2,5;2375;431;-1,000
667.800000;1,035;58;0,300;3;101;64;74;69;4,9;1193;35;2,5;2375;431;-1,000
668.835000;0,990;61;0,300;3;101;64;74;69;4,9;1193;35;2,5;2375;431;-1,000
669.825000;1,035;58;0,300;3;101;64;74;69;4,9;1193;35;2,5;2375;431;-1,000
670.860000;1,075;56;0,350;3;119;67;83;95;5,3;1258;47;2,6;2505;731;-1,000
671.935000;0,455;132;0,290;3;118;70;91;96;12,6;578;48;6,3;1150;731;-1,000
672.390000;0,290;207;0,250;4;80;77;70;0;0,0;0;0;0,0;0;269;-1,000
672.680000;1,125;53;0,355;6;102;58;57;103;5,5;830;51;2,7;1650;697;-1,000
673.805000;0,670;90;0,210;5;38;25;27;29;2,6;810;15;1,3;1615;142;-1,000
674.475000;1,360;44;0,210;5;45;17;27;29;2,6;810;15;1,3;1615;142;-1,000
675.835000;0,525;114;0,210;3;45;17;27;29;2,6;810;15;1,3;1615;142;-1,000
676.360000;0,960;63;0,210;2;45;17;27;29;2,6;810;15;1,3;1615;142;-1,000
677.320000;0,865;69;0,210;2;45;17;27;29;2,6;810;15;1,3;1615;142;-1,000
678.185000;0,925;65;0,210;2;45;17;27;29;2,6;810;15;1,3;1615;142;-1,000
679.110000;0,915;66;0,210;2;45;17;27;29;2,6;810;15;1,3;1615;142;-1,000
680.025000;0,855;70;0,210;2;45;17;27;29;2,6;810;15;1,3;1615;142;-1,000
680.880000;0,930;65;0,210;2;45;17;27;29;2,6;810;15;1,3;1615;142;-1,000
681.810000;0,965;62;0,210;2;45;17;27;29;2,6;810;15;1,3;1615;142;-1,000
682.775000;1,085;55;0,210;2;45;17;27;29;2,6;810;15;1,3;1615;142;-1,000
683.860000;1,040;58;0,210;2;45;17;27;29;2,6;810;15;1,3;1615;142;-1,000
684.900000;1,150;52;0,210;2;45;17;27;29;2,6;810;15;1,3;1615;142;-1,000
686.050000;1,080;56;0,345;2;124;79;95;67;3,7;2040;34;1,9;4065;617;-1,000
687.130000;1,075;56;0,330;2;123;80;91;70;3,9;1873;35;1,9;3730;613;-1,000
688.205000;1,085;55;0,360;2;111;67;82;97;5,3;1225;48;2,7;2440;589;-1,000
689.290000;1,040;58;0,330;2;109;67;81;87;5,0;1283;44;2,5;2555;566;-1,000
690.330000;1,090;55;0,355;2;111;67;82;94;5,1;1275;47;2,6;2540;592;-1,000
691.420000;1,070;56;0,355;2;109;66;82;89;5,0;1315;45;2,5;2620;583;-1,000
692.490000;1,000;60;0,320;2;110;68;82;78;4,7;1410;39;2,3;2810;580;-1,000
693.490000;1,095;55;0,355;2;114;69;86;90;4,9;1385;45;2,5;2760;611;-1,000
694.585000;1,105;54;0,360;2;115;70;85;90;4,9;1398;45;2,4;2785;602;-1,000
695.690000;0,990;61;0,360;2;111;67;85;90;4,9;1398;45;2,4;2785;602;-1,000
696.680000;1,045;57;0,360;2;111;67;85;90;4,9;1398;45;2,4;2785;602;-1,000
697.725000;1,085;55;0,360;2;111;67;85;90;4,9;1398;45;2,4;2785;602;-1,000
698.810000;1,025;59;0,330;2;120;71;88;87;5,1;1385;43;2,5;2760;697;-1,000
699.835000;1,040;58;0,320;2;120;73;88;81;4,7;1500;41;2,3;2990;684;-1,000
700.875000;1,120;54;0,365;2;122;71;88;95;5,1;1390;47;2,5;2770;695;-1,000
701.995000;1,050;57;0,355;2;120;70;88;94;5,3;1320;47;2,7;2630;691;-1,000
703.045000;1,125;53;0,340;2;120;72;87;84;4,4;1558;42;2,2;3100;672;-1,000
704.170000;1,140;53;0,360;2;122;71;89;93;4,9;1450;47;2,5;2890;691;-1,000
705.310000;1,085;55;0,355;2;122;73;90;90;4,9;1455;45;2,5;2900;686;-1,000
706.395000;1,015;59;0,335;2;121;74;90;82;4,8;1498;41;2,4;2985;664;-1,000
707.410000;1,090;55;0,355;2;125;76;93;88;4,8;1540;44;2,4;3070;691;-1,000
708.500000;1,080;56;0,355;2;124;75;93;88;4,8;1540;44;2,4;3070;691;-1,000
709.580000;1,075;56;0,355;2;124;75;93;88;4,8;1540;44;2,4;3070;691;-1,000
710.655000;1,100;55;0,355;2;124;75;93;88;4,8;1540;44;2,4;3070;691;-1,000
711.755000;1,030;58;0,350;2;124;72;90;90;5,2;1365;45;2,6;2720;758;-1,000
712.785000;1,095;55;0,355;2;127;74;90;95;5,2;1388;47;2,6;2765;784;-1,000
713.880000;0,975;62;0,355;2;126;73;91;92;5,6;1288;46;2,8;2565;805;-1,000
714.855000;1,075;56;0,350;2;125;75;89;84;4,7;1525;42;2,3;3040;748;-1,000
715.930000;1,070;56;0,360;2;127;73;90;95;5,3;1363;47;2,6;2715;803;-1,000
717.000000;0,960;63;0,355;2;125;74;91;88;5,5;1328;44;2,7;2645;783;-1,000
717.960000;1,095;55;0,355;2;128;76;91;89;4,8;1503;44;2,4;2990;773;-1,000
719.055000;1,075;56;0,360;2;128;74;91;91;5,1;1433;45;2,5;2855;841;-1,000
720.130000;1,035;58;0,335;2;128;76;90;80;4,6;1550;40;2,3;3085;838;-1,000
721.165000;1,110;54;0,335;2;132;75;90;80;4,6;1550;40;2,3;3085;838;-1,000
722.275000;0,975;62;0,335;2;132;75;90;80;4,6;1550;40;2,3;3085;838;-1,000
723.250000;1,035;58;0,335;2;132;75;90;80;4,6;1550;40;2,3;3085;838;-1,000
724.285000;1,055;57;0,350;2;130;74;90;93;5,3;1370;46;2,6;2730;916;-1,000
725.340000;1,000;60;0,335;2;129;75;91;84;5,0;1443;42;2,5;2870;939;-1,000
726.340000;0,970;62;0,330;2;141;77;95;94;5,8;1315;47;2,9;2620;1145;-1,000
727.310000;0,860;70;0,320;2;135;77;98;85;5,9;1315;43;3,0;2620;1028;-1,000
728.170000;0,810;74;0,345;2;135;80;100;93;6,9;1155;47;3,5;2300;1005;-1,000
728.980000;0,715;84;0,340;3;127;76;97;88;7,3;1048;44;3,7;2085;944;-1,000
729.695000;0,475;126;0,340;3;141;85;120;108;13,6;700;54;6,8;1395;938;-1,000
730.170000;0,570;105;0,225;4;125;103;120;14;1,4;6633;7;0,7;13215;506;-1,000
730.740000;0,320;188;0,315;3;129;104;114;52;9,7;943;26;4,8;1880;359;-1,000
731.060000;0,650;92;0,345;4;138;96;103;71;6,5;1263;35;3,3;2515;1069;-1,000
731.710000;0,645;93;0,325;5;132;82;102;93;8,6;940;46;4,3;1875;891;-1,000
732.355000;0,645;93;0,320;5;125;81;100;80;7,5;1070;40;3,7;2130;736;-1,000
733.000000;0,685;88;0,330;6;129;84;101;80;7,0;1153;40;3,5;2295;725;-1,000
733.685000;0,830;72;0,305;6;126;83;103;62;4,5;1833;31;2,2;3650;666;-1,000
734.515000;0,810;74;0,305;7;133;86;100;76;5,6;1420;38;2,8;2830;600;-1,000
735.325000;0,735;82;0,330;12;132;87;107;75;6,1;1398;37;3,0;2785;609;-1,000
736.060000;0,720;83;0,330;14;128;93;102;54;4,5;1810;27;2,2;3605;552;-1,000
736.780000;0,690;87;0,320;14;126;87;103;69;6,0;1368;35;3,0;2725;572;-1,000
737.470000;0,695;86;0,330;14;132;89;94;68;5,8;1280;34;2,9;2550;675;-1,000
738.165000;0,685;88;0,285;11;103;76;80;59;5,2;1233;30;2,6;2455;438;-1,000
738.850000;0,735;82;0,285;6;106;67;80;59;5,2;1233;30;2,6;2455;438;-1,000
739.585000;0,730;82;0,285;7;106;67;80;59;5,2;1233;30;2,6;2455;438;-1,000
740.315000;0,880;68;0,285;6;106;67;80;59;5,2;1233;30;2,6;2455;438;-1,000
